{
    "epoch": 3.0,
    "num_input_tokens_seen": 14132064,
    "total_flos": 6.0124619463023e+17,
    "train_loss": 1.0737966812144943,
    "train_runtime": 15042.1341,
    "train_samples_per_second": 0.909,
    "train_steps_per_second": 0.114
}